﻿{
  "外部API": [
    "发票识别",
    "智能地址解析",
    "百度OCR",
    "百度OCR字段",
    "高德关键字搜索",
    "ISBN",
    "中译英",
    "中译日",
    "中译韩",
    "英译中",
  ],
  "自建API": [
    "拼音",
    "拼音无声调",
    "摩尔斯编码",
    "摩尔斯译码",
    "百度查快递",
    "网页标题",
    "二维码",
    "OCR",
    "OCRtemp",
    "生成word",
    "金额大写",
    "金额小写",
    "简转繁",
    "繁转简",
    "公历",
    "农历",
    "裁取",
    "发邮件",
    "读文本",
  ],
  "系统功能": [
    "打开",
    "播放",
    "复制",
    "语音朗读",
    "复制到剪贴板",
    "打印word",
    "输出文件夹信息",
    "选择文件",
    "选择文件夹",
    "等3秒",
    "读取照片信息",
    "读取文件信息",
  ],
  "表格增强": [
    "筛选另存",
    "另存",
    "另存当前",
    "表内截图",
    "结束脚本",
    "MD编辑",
    "最大化",
    "最小化",
    "执行按钮打标签",
    "缩小填充",
    "手机号检验",
    "身份证检验",
    "保留身份证号",
    "保留数字",
    "保留英文",
    "保留英文和数字",
    "更新假通讯录",
    "当前单元格行倒序",
    "去除重复单词",
  ],
  "文件管理": [
    "主表上传数据",
    "主表下载数据",
    "上传附件",
    "查看附件",
    "建超链接",
    "删超链接",
    "转成相对路径",
    "剪贴板上传",
  ],
  "发送信息": [
    "微信",
    "钉钉",
    "浙政钉",
    "发微信",
    "发微信及文件",
    "QQ",
    "发QQ",
    "发QQ及文件",
    "发QQ及文件2",
  ],
  "调试设定": [
    "结束脚本",
    "更新菜单",
    "服务器配置",
    "调试_当前行写入json文件",
    "查看json",
    "调试_json文件写入表格",
  ]
}
